{"lats":[6.15,6.16044,6.17088,6.18132,6.19176,6.2022,6.21264,6.22308,6.23352,6.24396,6.25439,6.26483,6.27527,6.28571,6.29615,6.30659,6.31703,6.32747,6.33791,6.34835,6.35879,6.36923,6.37967,6.39011],"lons":[-75.68,-75.67044,-75.66088,-75.65133,-75.64177,-75.63221,-75.62265,-75.61309,-75.60353,-75.59398,-75.58442,-75.57486,-75.5653,-75.55574,-75.54618,-75.53663,-75.52707,-75.51751,-75.50795,-75.49839,-75.48883,-75.47928,-75.46972,-75.46016],"elev":[[2849.0,2421.9,2084.1,1866.5,1716.7,1629.9,1596.5,1591.4,1722.7,1853.3,1705.5,1708.6,1889.5,2100.9,2532.5,2509.5,2499.5,2620.4,2638.9,2434.4,2420.2,2576.1,2386.8,2244.7],[2805.2,2377.2,2058.3,1877.4,1751.3,1666.2,1610.5,1570.2,1569.5,1569.5,1617.4,1696.5,1767.9,2029.8,2346.6,2504.5,2540.7,2559.6,2605.6,2435.7,2470.2,2514.6,2443.2,2302.0],[2626.3,2316.7,2005.0,1846.4,1729.6,1636.0,1602.2,1580.6,1551.6,1542.9,1568.8,1667.0,1761.0,1950.7,2283.0,2569.6,2548.4,2568.1,2658.7,2501.5,2529.6,2542.0,2426.3,2261.7],[2490.0,2189.8,1967.8,1817.9,1709.6,1767.7,1888.5,1615.7,1577.3,1523.8,1537.9,1590.8,1724.9,1849.1,2099.5,2463.0,2629.1,2578.3,2609.8,2593.4,2587.2,2569.7,2329.1,2351.5],[2241.4,2093.9,1853.4,1773.2,1761.1,1948.6,1963.9,1772.5,1586.4,1525.4,1515.2,1555.4,1688.8,1825.2,2118.3,2448.1,2777.7,2706.3,2723.6,2647.7,2610.8,2546.8,2408.1,2389.7],[2086.2,1943.8,1985.5,2002.5,1974.8,2155.2,1972.8,1831.9,1648.7,1574.7,1503.0,1525.6,1613.3,1746.6,1937.2,2371.4,2709.8,2654.2,2665.7,2574.5,2615.7,2545.1,2415.4,2406.9],[2034.4,1907.4,2103.0,2152.2,2051.3,2000.7,1926.7,1781.5,1525.6,1513.6,1497.2,1505.3,1595.9,1707.9,1887.7,2206.0,2617.3,2607.2,2579.2,2550.7,2629.4,2524.0,2353.9,2323.7],[2042.1,2078.4,2182.5,2193.1,1928.9,1716.0,1634.8,1614.1,1545.9,1504.4,1490.1,1493.1,1586.0,1852.5,1875.9,1932.3,2044.8,2165.3,2416.1,2565.9,2594.1,2403.4,2350.4,2291.3],[2067.9,2228.8,2436.1,2107.1,1937.1,1764.8,1706.7,1578.1,1534.2,1499.5,1488.6,1479.4,1579.2,1650.2,1665.4,1647.0,1836.5,2079.9,2444.0,2562.8,2524.6,2520.2,2495.2,2258.5],[2208.6,2388.9,2377.6,2205.6,2022.8,1863.7,1687.1,1595.8,1535.5,1495.6,1479.8,1459.2,1498.7,1524.4,1628.4,1910.2,2001.7,2149.8,2539.6,2471.0,2502.6,2523.9,2510.7,2248.9],[2359.8,2599.0,2389.4,2062.3,1957.1,1758.3,1599.6,1552.5,1520.8,1487.3,1482.4,1474.3,1483.9,1567.3,1734.5,2077.1,2201.5,2497.5,2447.2,2435.6,2488.8,2518.7,2481.4,2290.4],[2542.2,2505.4,2213.5,2231.9,2059.2,1755.6,1642.9,1617.0,1526.7,1502.7,1535.1,1463.7,1473.4,1552.8,1725.2,2043.7,2396.3,2547.2,2454.2,2418.1,2469.0,2454.7,2439.7,2384.4],[2818.0,2481.4,2134.3,1980.2,1903.2,1826.3,1722.9,1646.8,1573.8,1558.6,1531.6,1474.0,1457.9,1557.7,1748.9,2067.1,2544.3,2502.9,2452.2,2427.5,2443.3,2454.2,2427.1,2342.1],[2727.6,2607.2,2256.2,1959.6,1988.2,1977.7,1968.1,1922.6,1805.7,1738.5,1621.7,1519.1,1464.9,1562.1,1735.9,2075.6,2529.2,2502.8,2457.1,2378.2,2458.5,2432.0,2392.2,2290.5],[2389.6,2550.6,2236.8,2020.8,2137.5,2250.0,2261.3,2163.7,2085.4,1935.5,1766.4,1611.7,1525.0,1511.9,1719.1,1963.4,2324.6,2512.9,2382.1,2388.4,2524.4,2441.2,2317.9,2189.3],[2222.1,2486.6,2291.3,2214.0,2309.4,2527.0,2534.7,2510.0,2384.1,2165.9,1866.8,1690.1,1552.3,1457.6,1610.4,1971.5,2048.0,2392.9,2227.7,2224.6,2453.6,2351.8,2258.5,2171.5],[2379.5,2614.5,2323.5,2412.7,2618.9,2751.9,2741.1,2656.5,2410.1,2052.6,1853.2,1708.9,1528.5,1433.4,1533.5,1768.3,1811.1,2135.8,1905.1,1930.3,2096.9,2452.4,2323.9,2224.6],[2348.2,2425.7,2492.4,2876.3,2834.9,2603.0,2527.5,2478.7,2462.4,2216.7,1852.3,1633.6,1504.7,1431.6,1435.4,1519.1,1629.3,1788.7,1711.4,1732.4,2209.6,2243.4,2079.4,2332.3],[2128.7,2237.5,2878.6,3075.2,3001.4,2660.8,2520.5,2460.6,2493.8,2211.1,1774.7,1507.2,1509.4,1435.1,1421.9,1429.1,1415.1,1505.0,1474.3,1738.2,1841.8,1871.7,1960.4,2388.3],[2224.1,2366.9,2636.0,2986.2,2799.4,2640.8,2522.8,2514.3,2480.2,2235.9,1710.4,1537.5,1485.4,1528.6,1533.2,1547.1,1476.7,1411.4,1411.3,1478.2,1536.6,1835.9,1983.4,1923.9],[2392.4,2968.1,3066.6,2927.5,2666.0,2520.2,2520.2,2457.3,2428.6,2287.5,1839.4,1623.7,1654.0,1770.4,1880.7,1772.2,1729.0,1625.3,1557.7,1401.7,1512.0,1785.8,1726.8,1607.9],[2649.0,2885.5,2863.5,2693.7,2626.4,2529.9,2514.7,2440.1,2405.8,2355.2,1919.4,1787.7,2085.5,2356.7,2081.7,2022.7,2011.2,1813.4,1692.9,1483.6,1405.4,1556.3,1462.0,1474.5],[2298.7,2755.7,2961.1,2689.2,2610.3,2563.4,2520.4,2486.3,2468.3,2314.0,2281.8,2105.7,2312.5,2788.3,2644.5,2367.4,2142.4,2160.4,1892.0,1604.8,1477.9,1391.6,1363.6,1314.5],[2066.5,2506.3,2759.5,2581.2,2575.6,2550.5,2538.8,2495.6,2512.6,2528.3,2494.0,2518.5,2592.7,2773.3,2624.9,2694.8,2721.5,2553.3,2003.3,1703.5,1575.1,1555.3,1485.9,1525.3]],"pop":null,